pid,pageTitle
arrowmont:538,Rosemary Moorehead Scrapbook: page 9
arrowmont:510,"Evelyn Bishop Scrapbook: page 17, image 1"
arrowmont:53,"Gatlinburg From All Sides: page 48, image 3"
arrowmont:276,Evelyn Bishop Scrapbook: page 81
arrowmont:47,Gatlinburg From All Sides: page 5
arrowmont:262,Evelyn Bishop Scrapbook: page 86
arrowmont:504,Evelyn Bishop Scrapbook: page 19
arrowmont:289,Evelyn Bishop Scrapbook: page 77
arrowmont:90,"Gatlinburg From All Sides: page 39, image 1"
arrowmont:84,"Gatlinburg From All Sides: page 4, image 2"
arrowmont:458,"Evelyn Bishop Scrapbook: page 33, image 2"
arrowmont:464,Evelyn Bishop Scrapbook: page 32
arrowmont:302,"Evelyn Bishop Scrapbook: page 72, image 2"
arrowmont:316,"Evelyn Bishop Scrapbook: page 69, image 1"
arrowmont:470,"Evelyn Bishop Scrapbook: page 3, image 1"
arrowmont:128,Gatlinburg From All Sides: page 3
arrowmont:100,"Gatlinburg From All Sides: page 36, image 1"
arrowmont:666,"Rosemary Moorehead Scrapbook: page 19, image 2"
arrowmont:672,"Rosemary Moorehead Scrapbook: page 17, image 1"
arrowmont:114,"Gatlinburg From All Sides: page 32, image 4"
arrowmont:673,Rosemary Moorehead Scrapbook: page 17
arrowmont:115,"Gatlinburg From All Sides: page 32, image 3"
arrowmont:101,Gatlinburg From All Sides: page 36
arrowmont:667,"Rosemary Moorehead Scrapbook: page 19, image 1"
arrowmont:129,Gatlinburg From All Sides: page 3
arrowmont:317,Evelyn Bishop Scrapbook: page 69
arrowmont:471,Evelyn Bishop Scrapbook: page 3
arrowmont:465,"Evelyn Bishop Scrapbook: page 31, image 2"
arrowmont:303,"Evelyn Bishop Scrapbook: page 72, image 1"
arrowmont:459,"Evelyn Bishop Scrapbook: page 33, image 1"
arrowmont:85,"Gatlinburg From All Sides: page 4, image 1"
arrowmont:91,Gatlinburg From All Sides: page 39
arrowmont:288,"Evelyn Bishop Scrapbook: page 77, image 1"
arrowmont:263,"Evelyn Bishop Scrapbook: page 85, image 2"
arrowmont:46,Gatlinburg From All Sides: page 5
arrowmont:505,"Evelyn Bishop Scrapbook: page 18, image 3"
arrowmont:511,Evelyn Bishop Scrapbook: page 17
arrowmont:277,"Evelyn Bishop Scrapbook: page 8, image 2"
arrowmont:52,Gatlinburg From All Sides: page 49
arrowmont:539,"Rosemary Moorehead Scrapbook: page 8, image 6"
arrowmont:78,"Gatlinburg From All Sides: page 41, image 2"
arrowmont:249,"Evelyn Bishop Scrapbook: page 9, image 1"
arrowmont:507,"Evelyn Bishop Scrapbook: page 18, image 1"
arrowmont:44,"Gatlinburg From All Sides: page 5, image 2"
arrowmont:261,"Evelyn Bishop Scrapbook: page 86, image 1"
arrowmont:50,"Gatlinburg From All Sides: page 49, image 2"
arrowmont:275,"Evelyn Bishop Scrapbook: page 81, image 1"
arrowmont:513,"Evelyn Bishop Scrapbook: page 16, image 1"
arrowmont:87,Gatlinburg From All Sides: page 4
arrowmont:93,"Gatlinburg From All Sides: page 38, image 1"
arrowmont:329,"Evelyn Bishop Scrapbook: page 66, image 1"
arrowmont:473,"Evelyn Bishop Scrapbook: page 29, image 2"
arrowmont:315,"Evelyn Bishop Scrapbook: page 69, image 2"
arrowmont:301,Evelyn Bishop Scrapbook: page 73
arrowmont:467,Evelyn Bishop Scrapbook: page 31
arrowmont:498,Evelyn Bishop Scrapbook: page 21
arrowmont:659,"Rosemary Moorehead Scrapbook: page 21, image 2"
arrowmont:117,"Gatlinburg From All Sides: page 32, image 1"
arrowmont:671,"Rosemary Moorehead Scrapbook: page 17, image 2"
arrowmont:665,Rosemary Moorehead Scrapbook: page 2
arrowmont:103,"Gatlinburg From All Sides: page 35, image 3"
arrowmont:664,Rosemary Moorehead Scrapbook: page 2
arrowmont:102,"Gatlinburg From All Sides: page 35, image 4"
arrowmont:116,"Gatlinburg From All Sides: page 32, image 2"
arrowmont:670,Rosemary Moorehead Scrapbook: page 18
arrowmont:658,Rosemary Moorehead Scrapbook: page 22
arrowmont:499,"Evelyn Bishop Scrapbook: page 2, image 2"
arrowmont:300,"Evelyn Bishop Scrapbook: page 73, image 1"
arrowmont:466,"Evelyn Bishop Scrapbook: page 31, image 1"
arrowmont:472,Evelyn Bishop Scrapbook: page 3
arrowmont:314,"Evelyn Bishop Scrapbook: page 69, image 3"
arrowmont:328,"Evelyn Bishop Scrapbook: page 66, image 2"
arrowmont:92,"Gatlinburg From All Sides: page 38, image 2"
arrowmont:86,Gatlinburg From All Sides: page 4
arrowmont:274,"Evelyn Bishop Scrapbook: page 81, image 2"
arrowmont:51,"Gatlinburg From All Sides: page 49, image 1"
arrowmont:512,"Evelyn Bishop Scrapbook: page 16, image 2"
arrowmont:506,"Evelyn Bishop Scrapbook: page 18, image 2"
arrowmont:260,Evelyn Bishop Scrapbook: page 87
arrowmont:45,"Gatlinburg From All Sides: page 5, image 1"
arrowmont:248,"Evelyn Bishop Scrapbook: page 9, image 2"
arrowmont:79,"Gatlinburg From All Sides: page 41, image 1"
arrowmont:41,"Gatlinburg From All Sides: page 5, image 2"
arrowmont:264,"Evelyn Bishop Scrapbook: page 85, image 1"
arrowmont:502,"Evelyn Bishop Scrapbook: page 19, image 2"
arrowmont:516,"Evelyn Bishop Scrapbook: page 15, image 1"
arrowmont:55,"Gatlinburg From All Sides: page 48, image 1"
arrowmont:270,Evelyn Bishop Scrapbook: page 83
arrowmont:258,"Evelyn Bishop Scrapbook: page 87, image 2"
arrowmont:69,Gatlinburg From All Sides: page 44
arrowmont:82,"Gatlinburg From All Sides: page 4, image 2"
arrowmont:96,"Gatlinburg From All Sides: page 37, image 2"
arrowmont:310,"Evelyn Bishop Scrapbook: page 7, image 2"
arrowmont:476,"Evelyn Bishop Scrapbook: page 28, image 1"
arrowmont:462,"Evelyn Bishop Scrapbook: page 32, image 2"
arrowmont:304,Evelyn Bishop Scrapbook: page 72
arrowmont:338,"Evelyn Bishop Scrapbook: page 63, image 3"
arrowmont:489,"Evelyn Bishop Scrapbook: page 23, image 2"
arrowmont:674,"Rosemary Moorehead Scrapbook: page 16, image 2"
arrowmont:112,"Gatlinburg From All Sides: page 33, image 1"
arrowmont:106,Gatlinburg From All Sides: page 35
arrowmont:660,"Rosemary Moorehead Scrapbook: page 21, image 1"
arrowmont:648,"Rosemary Moorehead Scrapbook: page 24, image 2"
arrowmont:649,"Rosemary Moorehead Scrapbook: page 24, image 1"
arrowmont:107,"Gatlinburg From All Sides: page 34, image 3"
arrowmont:661,Rosemary Moorehead Scrapbook: page 21
arrowmont:675,"Rosemary Moorehead Scrapbook: page 16, image 1"
arrowmont:113,Gatlinburg From All Sides: page 33
arrowmont:488,Evelyn Bishop Scrapbook: page 24
arrowmont:339,"Evelyn Bishop Scrapbook: page 63, image 2"
arrowmont:463,"Evelyn Bishop Scrapbook: page 32, image 1"
arrowmont:305,"Evelyn Bishop Scrapbook: page 71, image 2"
arrowmont:311,"Evelyn Bishop Scrapbook: page 7, image 1"
arrowmont:477,Evelyn Bishop Scrapbook: page 28
arrowmont:97,"Gatlinburg From All Sides: page 37, image 1"
arrowmont:83,"Gatlinburg From All Sides: page 4, image 1"
arrowmont:68,"Gatlinburg From All Sides: page 44, image 1"
arrowmont:259,"Evelyn Bishop Scrapbook: page 87, image 1"
arrowmont:517,Evelyn Bishop Scrapbook: page 15
arrowmont:271,"Evelyn Bishop Scrapbook: page 82, image 2"
arrowmont:54,"Gatlinburg From All Sides: page 48, image 2"
arrowmont:265,Evelyn Bishop Scrapbook: page 85
arrowmont:40,"Gatlinburg From All Sides: page 5, image 3"
arrowmont:503,"Evelyn Bishop Scrapbook: page 19, image 1"
arrowmont:56,Gatlinburg From All Sides: page 48
arrowmont:273,Evelyn Bishop Scrapbook: page 82
arrowmont:515,"Evelyn Bishop Scrapbook: page 15, image 2"
arrowmont:501,Evelyn Bishop Scrapbook: page 2
arrowmont:42,"Gatlinburg From All Sides: page 5, image 1"
arrowmont:267,Evelyn Bishop Scrapbook: page 84
arrowmont:529,Evelyn Bishop Scrapbook: page 11
arrowmont:95,"Gatlinburg From All Sides: page 37, image 3"
arrowmont:81,"Gatlinburg From All Sides: page 4, image 3"
arrowmont:298,Evelyn Bishop Scrapbook: page 74
arrowmont:307,Evelyn Bishop Scrapbook: page 71
arrowmont:461,"Evelyn Bishop Scrapbook: page 32, image 3"
arrowmont:475,Evelyn Bishop Scrapbook: page 29
arrowmont:313,Evelyn Bishop Scrapbook: page 7
arrowmont:449,"Evelyn Bishop Scrapbook: page 36, image 1"
arrowmont:663,"Rosemary Moorehead Scrapbook: page 2, image 1"
arrowmont:105,"Gatlinburg From All Sides: page 35, image 1"
arrowmont:111,"Gatlinburg From All Sides: page 33, image 2"
arrowmont:677,"Rosemary Moorehead Scrapbook: page 15, image 2"
arrowmont:139,Gatlinburg From All Sides: page 27
arrowmont:688,"Rosemary Moorehead Scrapbook: page 12, image 1"
arrowmont:689,Rosemary Moorehead Scrapbook: page 12
arrowmont:138,"Gatlinburg From All Sides: page 27, image 1"
arrowmont:110,Gatlinburg From All Sides: page 34
arrowmont:676,Rosemary Moorehead Scrapbook: page 16
arrowmont:662,"Rosemary Moorehead Scrapbook: page 2, image 2"
arrowmont:104,"Gatlinburg From All Sides: page 35, image 2"
arrowmont:448,"Evelyn Bishop Scrapbook: page 36, image 2"
arrowmont:474,"Evelyn Bishop Scrapbook: page 29, image 1"
arrowmont:312,Evelyn Bishop Scrapbook: page 7
arrowmont:306,"Evelyn Bishop Scrapbook: page 71, image 1"
arrowmont:460,Evelyn Bishop Scrapbook: page 33
arrowmont:299,"Evelyn Bishop Scrapbook: page 73, image 2"
arrowmont:80,Gatlinburg From All Sides: page 41
arrowmont:94,Gatlinburg From All Sides: page 38
arrowmont:528,"Evelyn Bishop Scrapbook: page 11, image 1"
arrowmont:500,"Evelyn Bishop Scrapbook: page 2, image 1"
arrowmont:266,"Evelyn Bishop Scrapbook: page 84, image 1"
arrowmont:43,"Gatlinburg From All Sides: page 5, image 3"
arrowmont:272,"Evelyn Bishop Scrapbook: page 82, image 1"
arrowmont:57,"Gatlinburg From All Sides: page 47, image 3"
arrowmont:514,Evelyn Bishop Scrapbook: page 16
arrowmont:18,"Gatlinburg From All Sides: page 9, image 2"
arrowmont:30,"Gatlinburg From All Sides: page 6, image 1"
arrowmont:573,"Rosemary Moorehead Scrapbook: page 46, image 1"
arrowmont:567,"Rosemary Moorehead Scrapbook: page 47, image 3"
arrowmont:24,Gatlinburg From All Sides: page 8
arrowmont:201,"Gatlinburg From All Sides: page 1, image 2"
arrowmont:598,"Rosemary Moorehead Scrapbook: page 4, image 2"
arrowmont:349,Evelyn Bishop Scrapbook: page 61
arrowmont:361,"Evelyn Bishop Scrapbook: page 57, image 3"
arrowmont:407,"Evelyn Bishop Scrapbook: page 46, image 3"
arrowmont:413,"Evelyn Bishop Scrapbook: page 44, image 3"
arrowmont:375,"Evelyn Bishop Scrapbook: page 54, image 2"
arrowmont:639,"Rosemary Moorehead Scrapbook: page 27, image 1"
arrowmont:605,Rosemary Moorehead Scrapbook: page 39
arrowmont:163,"Gatlinburg From All Sides: page 2, image 4"
arrowmont:177,"Gatlinburg From All Sides: page 18, image 2"
arrowmont:611,"Rosemary Moorehead Scrapbook: page 37, image 1"
arrowmont:188,Gatlinburg From All Sides: page 15
arrowmont:189,"Gatlinburg From All Sides: page 14, image 2"
arrowmont:176,Gatlinburg From All Sides: page 19
arrowmont:610,"Rosemary Moorehead Scrapbook: page 37, image 2"
arrowmont:604,"Rosemary Moorehead Scrapbook: page 39, image 1"
arrowmont:162,Gatlinburg From All Sides: page 21
arrowmont:638,Rosemary Moorehead Scrapbook: page 28
arrowmont:412,Evelyn Bishop Scrapbook: page 45
arrowmont:374,"Evelyn Bishop Scrapbook: page 54, image 3"
arrowmont:360,Evelyn Bishop Scrapbook: page 58
arrowmont:406,"Evelyn Bishop Scrapbook: page 46, image 4"
arrowmont:348,"Evelyn Bishop Scrapbook: page 61, image 1"
arrowmont:599,"Rosemary Moorehead Scrapbook: page 4, image 1"
arrowmont:566,Rosemary Moorehead Scrapbook: page 48
arrowmont:200,"Gatlinburg From All Sides: page 1, image 3"
arrowmont:25,"Gatlinburg From All Sides: page 7, image 2"
arrowmont:31,"Gatlinburg From All Sides: page 53, image 2"
arrowmont:572,"Rosemary Moorehead Scrapbook: page 46, image 2"
arrowmont:19,"Gatlinburg From All Sides: page 9, image 1"
arrowmont:558,Rosemary Moorehead Scrapbook: page 52
arrowmont:27,Gatlinburg From All Sides: page 7
arrowmont:202,"Gatlinburg From All Sides: page 1, image 1"
arrowmont:564,Rosemary Moorehead Scrapbook: page 49
arrowmont:570,Rosemary Moorehead Scrapbook: page 47
arrowmont:33,Gatlinburg From All Sides: page 6
arrowmont:438,Evelyn Bishop Scrapbook: page 39
arrowmont:376,"Evelyn Bishop Scrapbook: page 54, image 1"
arrowmont:410,Evelyn Bishop Scrapbook: page 46
arrowmont:404,"Evelyn Bishop Scrapbook: page 47, image 1"
arrowmont:362,Evelyn Bishop Scrapbook: page 6
arrowmont:389,"Evelyn Bishop Scrapbook: page 5, image 2"
arrowmont:148,Gatlinburg From All Sides: page 25
arrowmont:612,Rosemary Moorehead Scrapbook: page 37
arrowmont:174,"Gatlinburg From All Sides: page 19, image 2"
arrowmont:160,"Gatlinburg From All Sides: page 21, image 2"
arrowmont:606,"Rosemary Moorehead Scrapbook: page 38, image 2"
arrowmont:161,"Gatlinburg From All Sides: page 21, image 1"
arrowmont:607,"Rosemary Moorehead Scrapbook: page 38, image 1"
arrowmont:613,"Rosemary Moorehead Scrapbook: page 36, image 3"
arrowmont:175,"Gatlinburg From All Sides: page 19, image 1"
arrowmont:149,"Gatlinburg From All Sides: page 24, image 2"
arrowmont:388,"Evelyn Bishop Scrapbook: page 5, image 1"
arrowmont:405,Evelyn Bishop Scrapbook: page 47
arrowmont:363,"Evelyn Bishop Scrapbook: page 57, image 2"
arrowmont:377,Evelyn Bishop Scrapbook: page 54
arrowmont:411,"Evelyn Bishop Scrapbook: page 45, image 1"
arrowmont:439,"Evelyn Bishop Scrapbook: page 38, image 2"
arrowmont:571,"Rosemary Moorehead Scrapbook: page 46, image 3"
arrowmont:32,"Gatlinburg From All Sides: page 53, image 1"
arrowmont:203,"Gatlinburg From All Sides: page 1, image 3"
arrowmont:26,"Gatlinburg From All Sides: page 7, image 1"
arrowmont:565,"Rosemary Moorehead Scrapbook: page 48, image 1"
arrowmont:559,Rosemary Moorehead Scrapbook: page 51
arrowmont:561,"Rosemary Moorehead Scrapbook: page 5, image 1"
arrowmont:22,"Gatlinburg From All Sides: page 8, image 2"
arrowmont:207,Gatlinburg From All Sides: page 1
arrowmont:36,Gatlinburg From All Sides: page 52
arrowmont:575,"Rosemary Moorehead Scrapbook: page 45, image 4"
arrowmont:549,Rosemary Moorehead Scrapbook: page 6
arrowmont:415,"Evelyn Bishop Scrapbook: page 44, image 1"
arrowmont:373,Evelyn Bishop Scrapbook: page 55
arrowmont:367,"Evelyn Bishop Scrapbook: page 56, image 2"
arrowmont:401,"Evelyn Bishop Scrapbook: page 47, image 4"
arrowmont:429,"Evelyn Bishop Scrapbook: page 4, image 2"
arrowmont:398,"Evelyn Bishop Scrapbook: page 48, image 2"
arrowmont:171,Gatlinburg From All Sides: page 2
arrowmont:617,"Rosemary Moorehead Scrapbook: page 35, image 3"
arrowmont:603,"Rosemary Moorehead Scrapbook: page 39, image 2"
arrowmont:165,"Gatlinburg From All Sides: page 2, image 2"
arrowmont:159,"Gatlinburg From All Sides: page 21, image 3"
arrowmont:158,Gatlinburg From All Sides: page 22
arrowmont:602,"Rosemary Moorehead Scrapbook: page 39, image 3"
arrowmont:164,"Gatlinburg From All Sides: page 2, image 3"
arrowmont:170,Gatlinburg From All Sides: page 2
arrowmont:616,Rosemary Moorehead Scrapbook: page 36
arrowmont:399,"Evelyn Bishop Scrapbook: page 48, image 1"
arrowmont:428,"Evelyn Bishop Scrapbook: page 4, image 3"
arrowmont:366,"Evelyn Bishop Scrapbook: page 56, image 3"
arrowmont:400,Evelyn Bishop Scrapbook: page 48
arrowmont:414,"Evelyn Bishop Scrapbook: page 44, image 2"
arrowmont:372,"Evelyn Bishop Scrapbook: page 55, image 1"
arrowmont:548,"Rosemary Moorehead Scrapbook: page 6, image 1"
arrowmont:37,"Gatlinburg From All Sides: page 51, image 2"
arrowmont:574,Rosemary Moorehead Scrapbook: page 46
arrowmont:560,"Rosemary Moorehead Scrapbook: page 5, image 2"
arrowmont:206,Gatlinburg From All Sides: page 1
arrowmont:23,"Gatlinburg From All Sides: page 8, image 1"
arrowmont:576,"Rosemary Moorehead Scrapbook: page 45, image 3"
arrowmont:35,"Gatlinburg From All Sides: page 52, image 1"
arrowmont:21,"Gatlinburg From All Sides: page 8, image 3"
arrowmont:204,"Gatlinburg From All Sides: page 1, image 2"
arrowmont:562,Rosemary Moorehead Scrapbook: page 5
arrowmont:238,"Evelyn Bishop Scrapbook: page 92, image 2"
arrowmont:589,Rosemary Moorehead Scrapbook: page 42
arrowmont:402,"Evelyn Bishop Scrapbook: page 47, image 3"
arrowmont:364,"Evelyn Bishop Scrapbook: page 57, image 1"
arrowmont:370,"Evelyn Bishop Scrapbook: page 55, image 3"
arrowmont:416,Evelyn Bishop Scrapbook: page 44
arrowmont:358,"Evelyn Bishop Scrapbook: page 58, image 2"
arrowmont:166,"Gatlinburg From All Sides: page 2, image 1"
arrowmont:600,Rosemary Moorehead Scrapbook: page 4
arrowmont:614,"Rosemary Moorehead Scrapbook: page 36, image 2"
arrowmont:172,"Gatlinburg From All Sides: page 19, image 4"
arrowmont:628,Rosemary Moorehead Scrapbook: page 32
arrowmont:199,Gatlinburg From All Sides: page 11
arrowmont:198,"Gatlinburg From All Sides: page 11, image 1"
arrowmont:629,Rosemary Moorehead Scrapbook: page 31
arrowmont:615,"Rosemary Moorehead Scrapbook: page 36, image 1"
arrowmont:173,"Gatlinburg From All Sides: page 19, image 3"
arrowmont:167,"Gatlinburg From All Sides: page 2, image 3"
arrowmont:601,Rosemary Moorehead Scrapbook: page 4
arrowmont:359,"Evelyn Bishop Scrapbook: page 58, image 1"
arrowmont:371,"Evelyn Bishop Scrapbook: page 55, image 2"
arrowmont:417,"Evelyn Bishop Scrapbook: page 43, image 3"
arrowmont:403,"Evelyn Bishop Scrapbook: page 47, image 2"
arrowmont:365,Evelyn Bishop Scrapbook: page 57
arrowmont:588,"Rosemary Moorehead Scrapbook: page 42, image 1"
arrowmont:239,"Evelyn Bishop Scrapbook: page 92, image 1"
arrowmont:205,"Gatlinburg From All Sides: page 1, image 1"
arrowmont:20,Gatlinburg From All Sides: page 9
arrowmont:563,Rosemary Moorehead Scrapbook: page 5
arrowmont:577,"Rosemary Moorehead Scrapbook: page 45, image 2"
arrowmont:34,Gatlinburg From All Sides: page 53
arrowmont:39,Gatlinburg From All Sides: page 51
arrowmont:552,"Rosemary Moorehead Scrapbook: page 54, image 1"
arrowmont:546,Rosemary Moorehead Scrapbook: page 7
arrowmont:591,"Rosemary Moorehead Scrapbook: page 41, image 3"
arrowmont:585,"Rosemary Moorehead Scrapbook: page 43, image 1"
arrowmont:368,"Evelyn Bishop Scrapbook: page 56, image 1"
arrowmont:340,"Evelyn Bishop Scrapbook: page 63, image 1"
arrowmont:426,"Evelyn Bishop Scrapbook: page 41, image 1"
arrowmont:432,"Evelyn Bishop Scrapbook: page 4, image 1"
arrowmont:354,"Evelyn Bishop Scrapbook: page 59, image 2"
arrowmont:383,"Evelyn Bishop Scrapbook: page 51, image 3"
arrowmont:397,Evelyn Bishop Scrapbook: page 49
arrowmont:618,"Rosemary Moorehead Scrapbook: page 35, image 2"
arrowmont:624,"Rosemary Moorehead Scrapbook: page 33, image 2"
arrowmont:142,"Gatlinburg From All Sides: page 26, image 2"
arrowmont:156,"Gatlinburg From All Sides: page 22, image 2"
arrowmont:630,Rosemary Moorehead Scrapbook: page 3
arrowmont:181,"Gatlinburg From All Sides: page 17, image 1"
arrowmont:195,"Gatlinburg From All Sides: page 12, image 1"
arrowmont:194,"Gatlinburg From All Sides: page 12, image 2"
arrowmont:180,"Gatlinburg From All Sides: page 17, image 2"
arrowmont:157,"Gatlinburg From All Sides: page 22, image 1"
arrowmont:631,Rosemary Moorehead Scrapbook: page 3
arrowmont:625,"Rosemary Moorehead Scrapbook: page 33, image 1"
arrowmont:143,"Gatlinburg From All Sides: page 26, image 1"
arrowmont:619,"Rosemary Moorehead Scrapbook: page 35, image 1"
arrowmont:396,"Evelyn Bishop Scrapbook: page 49, image 1"
arrowmont:382,"Evelyn Bishop Scrapbook: page 51, image 4"
arrowmont:433,Evelyn Bishop Scrapbook: page 4
arrowmont:355,"Evelyn Bishop Scrapbook: page 59, image 1"
arrowmont:341,Evelyn Bishop Scrapbook: page 63
arrowmont:427,Evelyn Bishop Scrapbook: page 41
arrowmont:369,Evelyn Bishop Scrapbook: page 56
arrowmont:584,"Rosemary Moorehead Scrapbook: page 43, image 2"
arrowmont:590,"Rosemary Moorehead Scrapbook: page 41, image 4"
arrowmont:547,"Rosemary Moorehead Scrapbook: page 6, image 2"
arrowmont:553,Rosemary Moorehead Scrapbook: page 54
arrowmont:38,"Gatlinburg From All Sides: page 51, image 1"
arrowmont:579,Rosemary Moorehead Scrapbook: page 45
arrowmont:545,Rosemary Moorehead Scrapbook: page 8
arrowmont:551,"Rosemary Moorehead Scrapbook: page 54, image 2"
arrowmont:237,"Evelyn Bishop Scrapbook: page 92, image 3"
arrowmont:586,Rosemary Moorehead Scrapbook: page 43
arrowmont:592,"Rosemary Moorehead Scrapbook: page 41, image 2"
arrowmont:419,"Evelyn Bishop Scrapbook: page 43, image 1"
arrowmont:357,"Evelyn Bishop Scrapbook: page 58, image 3"
arrowmont:431,"Evelyn Bishop Scrapbook: page 4, image 2"
arrowmont:425,"Evelyn Bishop Scrapbook: page 41, image 2"
arrowmont:343,"Evelyn Bishop Scrapbook: page 62, image 2"
arrowmont:394,"Evelyn Bishop Scrapbook: page 49, image 3"
arrowmont:380,"Evelyn Bishop Scrapbook: page 52, image 1"
arrowmont:169,"Gatlinburg From All Sides: page 2, image 1"
arrowmont:633,"Rosemary Moorehead Scrapbook: page 29, image 2"
arrowmont:155,"Gatlinburg From All Sides: page 22, image 3"
arrowmont:141,"Gatlinburg From All Sides: page 26, image 3"
arrowmont:627,"Rosemary Moorehead Scrapbook: page 32, image 1"
arrowmont:196,Gatlinburg From All Sides: page 12
arrowmont:182,Gatlinburg From All Sides: page 17
arrowmont:183,"Gatlinburg From All Sides: page 16, image 2"
arrowmont:197,"Gatlinburg From All Sides: page 11, image 2"
arrowmont:140,"Gatlinburg From All Sides: page 26, image 4"
arrowmont:626,Rosemary Moorehead Scrapbook: page 33
arrowmont:632,"Rosemary Moorehead Scrapbook: page 29, image 3"
arrowmont:154,Gatlinburg From All Sides: page 23
arrowmont:168,"Gatlinburg From All Sides: page 2, image 2"
arrowmont:381,Evelyn Bishop Scrapbook: page 52
arrowmont:395,"Evelyn Bishop Scrapbook: page 49, image 2"
arrowmont:424,"Evelyn Bishop Scrapbook: page 41, image 3"
arrowmont:342,"Evelyn Bishop Scrapbook: page 62, image 3"
arrowmont:356,Evelyn Bishop Scrapbook: page 59
arrowmont:430,"Evelyn Bishop Scrapbook: page 4, image 1"
arrowmont:418,"Evelyn Bishop Scrapbook: page 43, image 2"
arrowmont:593,"Rosemary Moorehead Scrapbook: page 41, image 1"
arrowmont:587,"Rosemary Moorehead Scrapbook: page 42, image 2"
arrowmont:550,"Rosemary Moorehead Scrapbook: page 54, image 3"
arrowmont:544,"Rosemary Moorehead Scrapbook: page 8, image 1"
arrowmont:578,"Rosemary Moorehead Scrapbook: page 45, image 1"
arrowmont:540,"Rosemary Moorehead Scrapbook: page 8, image 5"
arrowmont:17,"Gatlinburg From All Sides: page 9, image 3"
arrowmont:554,"Rosemary Moorehead Scrapbook: page 53, image 3"
arrowmont:568,"Rosemary Moorehead Scrapbook: page 47, image 2"
arrowmont:583,"Rosemary Moorehead Scrapbook: page 43, image 3"
arrowmont:597,"Rosemary Moorehead Scrapbook: page 4, image 3"
arrowmont:434,Evelyn Bishop Scrapbook: page 4
arrowmont:352,"Evelyn Bishop Scrapbook: page 6, image 1"
arrowmont:346,"Evelyn Bishop Scrapbook: page 61, image 3"
arrowmont:420,Evelyn Bishop Scrapbook: page 43
arrowmont:408,"Evelyn Bishop Scrapbook: page 46, image 2"
arrowmont:391,Evelyn Bishop Scrapbook: page 5
arrowmont:385,"Evelyn Bishop Scrapbook: page 51, image 1"
arrowmont:150,"Gatlinburg From All Sides: page 24, image 1"
arrowmont:636,"Rosemary Moorehead Scrapbook: page 28, image 2"
arrowmont:622,"Rosemary Moorehead Scrapbook: page 34, image 1"
arrowmont:144,Gatlinburg From All Sides: page 26
arrowmont:178,"Gatlinburg From All Sides: page 18, image 1"
arrowmont:193,Gatlinburg From All Sides: page 13
arrowmont:187,"Gatlinburg From All Sides: page 15, image 1"
arrowmont:186,"Gatlinburg From All Sides: page 15, image 2"
arrowmont:192,"Gatlinburg From All Sides: page 13, image 1"
arrowmont:179,Gatlinburg From All Sides: page 18
arrowmont:623,Rosemary Moorehead Scrapbook: page 34
arrowmont:145,"Gatlinburg From All Sides: page 25, image 3"
arrowmont:151,Gatlinburg From All Sides: page 24
arrowmont:637,"Rosemary Moorehead Scrapbook: page 28, image 1"
arrowmont:384,"Evelyn Bishop Scrapbook: page 51, image 2"
arrowmont:390,"Evelyn Bishop Scrapbook: page 5, image 1"
arrowmont:409,"Evelyn Bishop Scrapbook: page 46, image 1"
arrowmont:347,"Evelyn Bishop Scrapbook: page 61, image 2"
arrowmont:421,"Evelyn Bishop Scrapbook: page 42, image 2"
arrowmont:435,"Evelyn Bishop Scrapbook: page 39, image 3"
arrowmont:353,Evelyn Bishop Scrapbook: page 6
arrowmont:596,"Rosemary Moorehead Scrapbook: page 4, image 4"
arrowmont:582,Rosemary Moorehead Scrapbook: page 44
arrowmont:569,"Rosemary Moorehead Scrapbook: page 47, image 1"
arrowmont:555,"Rosemary Moorehead Scrapbook: page 53, image 2"
arrowmont:541,"Rosemary Moorehead Scrapbook: page 8, image 4"
arrowmont:557,Rosemary Moorehead Scrapbook: page 53
arrowmont:543,"Rosemary Moorehead Scrapbook: page 8, image 2"
arrowmont:28,"Gatlinburg From All Sides: page 6, image 3"
arrowmont:594,Rosemary Moorehead Scrapbook: page 41
arrowmont:580,"Rosemary Moorehead Scrapbook: page 44, image 2"
arrowmont:423,Evelyn Bishop Scrapbook: page 42
arrowmont:345,Evelyn Bishop Scrapbook: page 62
arrowmont:351,"Evelyn Bishop Scrapbook: page 6, image 2"
arrowmont:437,"Evelyn Bishop Scrapbook: page 39, image 1"
arrowmont:379,Evelyn Bishop Scrapbook: page 53
arrowmont:386,Evelyn Bishop Scrapbook: page 51
arrowmont:392,Evelyn Bishop Scrapbook: page 5
arrowmont:147,"Gatlinburg From All Sides: page 25, image 1"
arrowmont:621,"Rosemary Moorehead Scrapbook: page 34, image 2"
arrowmont:635,Rosemary Moorehead Scrapbook: page 29
arrowmont:153,"Gatlinburg From All Sides: page 23, image 1"
arrowmont:609,"Rosemary Moorehead Scrapbook: page 37, image 3"
arrowmont:184,"Gatlinburg From All Sides: page 16, image 1"
arrowmont:190,"Gatlinburg From All Sides: page 14, image 1"
arrowmont:191,Gatlinburg From All Sides: page 14
arrowmont:185,Gatlinburg From All Sides: page 16
arrowmont:608,Rosemary Moorehead Scrapbook: page 38
arrowmont:634,"Rosemary Moorehead Scrapbook: page 29, image 1"
arrowmont:152,"Gatlinburg From All Sides: page 23, image 2"
arrowmont:146,"Gatlinburg From All Sides: page 25, image 2"
arrowmont:620,Rosemary Moorehead Scrapbook: page 35
arrowmont:393,"Evelyn Bishop Scrapbook: page 49, image 4"
arrowmont:387,"Evelyn Bishop Scrapbook: page 5, image 2"
arrowmont:378,"Evelyn Bishop Scrapbook: page 53, image 1"
arrowmont:350,"Evelyn Bishop Scrapbook: page 6, image 1"
arrowmont:436,"Evelyn Bishop Scrapbook: page 39, image 2"
arrowmont:422,"Evelyn Bishop Scrapbook: page 42, image 1"
arrowmont:344,"Evelyn Bishop Scrapbook: page 62, image 1"
arrowmont:581,"Rosemary Moorehead Scrapbook: page 44, image 1"
arrowmont:595,"Rosemary Moorehead Scrapbook: page 4, image 1"
arrowmont:29,"Gatlinburg From All Sides: page 6, image 2"
arrowmont:542,"Rosemary Moorehead Scrapbook: page 8, image 3"
arrowmont:556,"Rosemary Moorehead Scrapbook: page 53, image 1"
arrowmont:519,"Evelyn Bishop Scrapbook: page 14, image 1"
arrowmont:531,"Evelyn Bishop Scrapbook: page 1, image 2"
arrowmont:72,"Gatlinburg From All Sides: page 43, image 2"
arrowmont:257,Evelyn Bishop Scrapbook: page 88
arrowmont:66,"Gatlinburg From All Sides: page 44, image 3"
arrowmont:243,Evelyn Bishop Scrapbook: page 91
arrowmont:525,"Evelyn Bishop Scrapbook: page 12, image 1"
arrowmont:99,"Gatlinburg From All Sides: page 36, image 2"
arrowmont:294,"Evelyn Bishop Scrapbook: page 75, image 1"
arrowmont:280,Evelyn Bishop Scrapbook: page 8
arrowmont:479,"Evelyn Bishop Scrapbook: page 27, image 1"
arrowmont:445,"Evelyn Bishop Scrapbook: page 37, image 1"
arrowmont:323,"Evelyn Bishop Scrapbook: page 67, image 3"
arrowmont:337,Evelyn Bishop Scrapbook: page 64
arrowmont:451,"Evelyn Bishop Scrapbook: page 35, image 3"
arrowmont:486,Evelyn Bishop Scrapbook: page 25
arrowmont:492,"Evelyn Bishop Scrapbook: page 22, image 2"
arrowmont:109,"Gatlinburg From All Sides: page 34, image 1"
arrowmont:121,"Gatlinburg From All Sides: page 31, image 1"
arrowmont:647,Rosemary Moorehead Scrapbook: page 25
arrowmont:653,"Rosemary Moorehead Scrapbook: page 23, image 1"
arrowmont:135,"Gatlinburg From All Sides: page 28, image 1"
arrowmont:684,"Rosemary Moorehead Scrapbook: page 13, image 1"
arrowmont:690,"Rosemary Moorehead Scrapbook: page 11, image 2"
arrowmont:691,"Rosemary Moorehead Scrapbook: page 11, image 1"
arrowmont:685,Rosemary Moorehead Scrapbook: page 13
arrowmont:652,"Rosemary Moorehead Scrapbook: page 23, image 2"
arrowmont:134,"Gatlinburg From All Sides: page 28, image 2"
arrowmont:120,"Gatlinburg From All Sides: page 31, image 2"
arrowmont:646,"Rosemary Moorehead Scrapbook: page 25, image 1"
arrowmont:108,"Gatlinburg From All Sides: page 34, image 2"
arrowmont:493,"Evelyn Bishop Scrapbook: page 22, image 1"
arrowmont:487,"Evelyn Bishop Scrapbook: page 24, image 1"
arrowmont:336,"Evelyn Bishop Scrapbook: page 64, image 1"
arrowmont:450,Evelyn Bishop Scrapbook: page 36
arrowmont:444,"Evelyn Bishop Scrapbook: page 37, image 2"
arrowmont:322,Evelyn Bishop Scrapbook: page 68
arrowmont:478,"Evelyn Bishop Scrapbook: page 27, image 2"
arrowmont:281,Evelyn Bishop Scrapbook: page 8
arrowmont:295,Evelyn Bishop Scrapbook: page 75
arrowmont:98,Gatlinburg From All Sides: page 37
arrowmont:242,"Evelyn Bishop Scrapbook: page 91, image 1"
arrowmont:67,"Gatlinburg From All Sides: page 44, image 2"
arrowmont:524,"Evelyn Bishop Scrapbook: page 12, image 2"
arrowmont:530,"Evelyn Bishop Scrapbook: page 1, image 1"
arrowmont:256,"Evelyn Bishop Scrapbook: page 88, image 1"
arrowmont:73,"Gatlinburg From All Sides: page 43, image 1"
arrowmont:518,"Evelyn Bishop Scrapbook: page 14, image 2"
arrowmont:59,Gatlinburg From All Sides: page 47
arrowmont:268,"Evelyn Bishop Scrapbook: page 83, image 2"
arrowmont:526,Evelyn Bishop Scrapbook: page 12
arrowmont:65,Gatlinburg From All Sides: page 45
arrowmont:240,Evelyn Bishop Scrapbook: page 92
arrowmont:71,"Gatlinburg From All Sides: page 43, image 3"
arrowmont:254,Evelyn Bishop Scrapbook: page 89
arrowmont:532,"Evelyn Bishop Scrapbook: page 1, image 1"
arrowmont:283,"Evelyn Bishop Scrapbook: page 79, image 1"
arrowmont:297,"Evelyn Bishop Scrapbook: page 74, image 1"
arrowmont:308,"Evelyn Bishop Scrapbook: page 7, image 2"
arrowmont:452,"Evelyn Bishop Scrapbook: page 35, image 2"
arrowmont:334,Evelyn Bishop Scrapbook: page 65
arrowmont:320,"Evelyn Bishop Scrapbook: page 68, image 2"
arrowmont:446,Evelyn Bishop Scrapbook: page 37
arrowmont:491,Evelyn Bishop Scrapbook: page 23
arrowmont:485,"Evelyn Bishop Scrapbook: page 25, image 1"
arrowmont:678,"Rosemary Moorehead Scrapbook: page 15, image 1"
arrowmont:136,Gatlinburg From All Sides: page 28
arrowmont:650,Rosemary Moorehead Scrapbook: page 24
arrowmont:644,Rosemary Moorehead Scrapbook: page 26
arrowmont:122,Gatlinburg From All Sides: page 31
arrowmont:693,"Rosemary Moorehead Scrapbook: page 1, image 3"
arrowmont:687,"Rosemary Moorehead Scrapbook: page 12, image 2"
arrowmont:686,"Rosemary Moorehead Scrapbook: page 12, image 3"
arrowmont:692,Rosemary Moorehead Scrapbook: page 11
arrowmont:645,"Rosemary Moorehead Scrapbook: page 25, image 2"
arrowmont:123,"Gatlinburg From All Sides: page 3, image 2"
arrowmont:137,"Gatlinburg From All Sides: page 27, image 2"
arrowmont:651,"Rosemary Moorehead Scrapbook: page 23, image 3"
arrowmont:679,Rosemary Moorehead Scrapbook: page 15
arrowmont:484,"Evelyn Bishop Scrapbook: page 25, image 2"
arrowmont:490,"Evelyn Bishop Scrapbook: page 23, image 1"
arrowmont:321,"Evelyn Bishop Scrapbook: page 68, image 1"
arrowmont:447,"Evelyn Bishop Scrapbook: page 36, image 3"
arrowmont:453,"Evelyn Bishop Scrapbook: page 35, image 1"
arrowmont:335,"Evelyn Bishop Scrapbook: page 64, image 2"
arrowmont:309,"Evelyn Bishop Scrapbook: page 7, image 1"
arrowmont:296,"Evelyn Bishop Scrapbook: page 74, image 2"
arrowmont:282,"Evelyn Bishop Scrapbook: page 79, image 2"
arrowmont:255,"Evelyn Bishop Scrapbook: page 88, image 2"
arrowmont:70,"Gatlinburg From All Sides: page 43, image 4"
arrowmont:533,Evelyn Bishop Scrapbook: page 1
arrowmont:527,"Evelyn Bishop Scrapbook: page 11, image 2"
arrowmont:241,"Evelyn Bishop Scrapbook: page 91, image 2"
arrowmont:64,"Gatlinburg From All Sides: page 45, image 1"
arrowmont:269,"Evelyn Bishop Scrapbook: page 83, image 1"
arrowmont:58,"Gatlinburg From All Sides: page 47, image 2"
arrowmont:60,"Gatlinburg From All Sides: page 46, image 2"
arrowmont:245,"Evelyn Bishop Scrapbook: page 9, image 2"
arrowmont:523,Evelyn Bishop Scrapbook: page 13
arrowmont:537,"Rosemary Moorehead Scrapbook: page 9, image 1"
arrowmont:74,Gatlinburg From All Sides: page 43
arrowmont:251,Evelyn Bishop Scrapbook: page 9
arrowmont:279,"Evelyn Bishop Scrapbook: page 8, image 1"
arrowmont:48,"Gatlinburg From All Sides: page 49, image 4"
arrowmont:286,Evelyn Bishop Scrapbook: page 78
arrowmont:292,Evelyn Bishop Scrapbook: page 76
arrowmont:331,"Evelyn Bishop Scrapbook: page 65, image 3"
arrowmont:457,"Evelyn Bishop Scrapbook: page 33, image 3"
arrowmont:443,"Evelyn Bishop Scrapbook: page 37, image 3"
arrowmont:325,"Evelyn Bishop Scrapbook: page 67, image 1"
arrowmont:319,"Evelyn Bishop Scrapbook: page 68, image 3"
arrowmont:494,Evelyn Bishop Scrapbook: page 22
arrowmont:480,Evelyn Bishop Scrapbook: page 27
arrowmont:655,"Rosemary Moorehead Scrapbook: page 22, image 3"
arrowmont:133,Gatlinburg From All Sides: page 29
arrowmont:127,"Gatlinburg From All Sides: page 3, image 1"
arrowmont:641,"Rosemary Moorehead Scrapbook: page 26, image 3"
arrowmont:669,"Rosemary Moorehead Scrapbook: page 18, image 1"
arrowmont:696,Rosemary Moorehead Scrapbook: page 1
arrowmont:682,Rosemary Moorehead Scrapbook: page 14
arrowmont:683,"Rosemary Moorehead Scrapbook: page 13, image 2"
arrowmont:697,Rosemary Moorehead Scrapbook: page 1
arrowmont:668,Rosemary Moorehead Scrapbook: page 19
arrowmont:126,"Gatlinburg From All Sides: page 3, image 2"
arrowmont:640,Rosemary Moorehead Scrapbook: page 27
arrowmont:654,Rosemary Moorehead Scrapbook: page 23
arrowmont:132,"Gatlinburg From All Sides: page 29, image 1"
arrowmont:481,"Evelyn Bishop Scrapbook: page 26, image 2"
arrowmont:495,"Evelyn Bishop Scrapbook: page 21, image 3"
arrowmont:318,"Evelyn Bishop Scrapbook: page 68, image 4"
arrowmont:442,"Evelyn Bishop Scrapbook: page 37, image 4"
arrowmont:324,"Evelyn Bishop Scrapbook: page 67, image 2"
arrowmont:330,Evelyn Bishop Scrapbook: page 66
arrowmont:456,Evelyn Bishop Scrapbook: page 34
arrowmont:293,"Evelyn Bishop Scrapbook: page 75, image 2"
arrowmont:287,"Evelyn Bishop Scrapbook: page 77, image 2"
arrowmont:49,"Gatlinburg From All Sides: page 49, image 3"
arrowmont:278,"Evelyn Bishop Scrapbook: page 8, image 1"
arrowmont:536,"Rosemary Moorehead Scrapbook: page 9, image 2"
arrowmont:250,Evelyn Bishop Scrapbook: page 9
arrowmont:75,"Gatlinburg From All Sides: page 42, image 2"
arrowmont:244,"Evelyn Bishop Scrapbook: page 9, image 3"
arrowmont:61,"Gatlinburg From All Sides: page 46, image 1"
arrowmont:522,"Evelyn Bishop Scrapbook: page 13, image 1"
arrowmont:77,Gatlinburg From All Sides: page 42
arrowmont:252,"Evelyn Bishop Scrapbook: page 89, image 2"
arrowmont:534,Evelyn Bishop Scrapbook: page 1
arrowmont:520,Evelyn Bishop Scrapbook: page 14
arrowmont:63,"Gatlinburg From All Sides: page 45, image 2"
arrowmont:246,"Evelyn Bishop Scrapbook: page 9, image 1"
arrowmont:508,Evelyn Bishop Scrapbook: page 18
arrowmont:291,"Evelyn Bishop Scrapbook: page 76, image 1"
arrowmont:285,"Evelyn Bishop Scrapbook: page 78, image 1"
arrowmont:88,"Gatlinburg From All Sides: page 39, image 3"
arrowmont:326,Evelyn Bishop Scrapbook: page 67
arrowmont:440,"Evelyn Bishop Scrapbook: page 38, image 1"
arrowmont:454,Evelyn Bishop Scrapbook: page 35
arrowmont:332,"Evelyn Bishop Scrapbook: page 65, image 2"
arrowmont:468,"Evelyn Bishop Scrapbook: page 3, image 1"
arrowmont:483,Evelyn Bishop Scrapbook: page 26
arrowmont:497,"Evelyn Bishop Scrapbook: page 21, image 1"
arrowmont:642,"Rosemary Moorehead Scrapbook: page 26, image 2"
arrowmont:124,"Gatlinburg From All Sides: page 3, image 1"
arrowmont:130,"Gatlinburg From All Sides: page 29, image 3"
arrowmont:656,"Rosemary Moorehead Scrapbook: page 22, image 2"
arrowmont:118,Gatlinburg From All Sides: page 32
arrowmont:681,"Rosemary Moorehead Scrapbook: page 14, image 1"
arrowmont:695,"Rosemary Moorehead Scrapbook: page 1, image 1"
arrowmont:694,"Rosemary Moorehead Scrapbook: page 1, image 2"
arrowmont:680,"Rosemary Moorehead Scrapbook: page 14, image 2"
arrowmont:119,"Gatlinburg From All Sides: page 31, image 3"
arrowmont:131,"Gatlinburg From All Sides: page 29, image 2"
arrowmont:657,"Rosemary Moorehead Scrapbook: page 22, image 1"
arrowmont:643,"Rosemary Moorehead Scrapbook: page 26, image 1"
arrowmont:125,"Gatlinburg From All Sides: page 3, image 3"
arrowmont:496,"Evelyn Bishop Scrapbook: page 21, image 2"
arrowmont:482,"Evelyn Bishop Scrapbook: page 26, image 1"
arrowmont:469,"Evelyn Bishop Scrapbook: page 3, image 2"
arrowmont:455,"Evelyn Bishop Scrapbook: page 34, image 1"
arrowmont:333,"Evelyn Bishop Scrapbook: page 65, image 1"
arrowmont:327,"Evelyn Bishop Scrapbook: page 66, image 3"
arrowmont:441,Evelyn Bishop Scrapbook: page 38
arrowmont:89,"Gatlinburg From All Sides: page 39, image 2"
arrowmont:284,Evelyn Bishop Scrapbook: page 79
arrowmont:290,"Evelyn Bishop Scrapbook: page 76, image 2"
arrowmont:509,"Evelyn Bishop Scrapbook: page 17, image 2"
arrowmont:521,"Evelyn Bishop Scrapbook: page 13, image 2"
arrowmont:247,"Evelyn Bishop Scrapbook: page 9, image 3"
arrowmont:62,Gatlinburg From All Sides: page 46
arrowmont:253,"Evelyn Bishop Scrapbook: page 89, image 1"
arrowmont:76,"Gatlinburg From All Sides: page 42, image 1"
